published,source,title,link
"Fri, 07 Aug 2026 16:00:00 GMT",MarketWatch,‘This has been an emotionally difficult time’: My brother has cancer and my father is 94. How do I shoulder this responsibility?,https://www.marketwatch.com/story/this-has-been-an-emotionally-difficult-time-my-brother-has-cancer-and-my-father-is-94-how-do-i-shoulder-this-responsibility-9da09dc4?mod=mw_rss_topstories
"Fri, 07 Aug 2026 15:52:25 GMT",CNBC Markets,"U.S. economy unexpectedly lost 23,000 jobs in July",https://www.cnbc.com/2026/08/07/jobs-report-july-2026.html
"Fri, 07 Aug 2026 15:36:00 GMT",MarketWatch,"This mom spent $2,000 on her kindergartner as viral ‘back-to-school hauls’ on TikTok and YouTube spin out of control",https://www.marketwatch.com/story/this-mom-spent-2-000-on-her-kindergartner-as-viral-back-to-school-hauls-on-tiktok-and-youtube-spin-out-of-control-0be2949d?mod=mw_rss_topstories
"Fri, 07 Aug 2026 15:36:00 GMT",MarketWatch,Doximity’s stock skyrockets 50% on medical AI excitement. Can the rally last?,https://www.marketwatch.com/story/doximitys-stock-skyrockets-50-on-medical-ai-excitement-can-the-rally-last-1a5cedce?mod=mw_rss_topstories
"Fri, 07 Aug 2026 15:18:00 GMT",MarketWatch,Are target-date funds hurting Americans as they live longer?,https://www.marketwatch.com/story/are-target-date-funds-hurting-americans-as-they-live-longer-929f4f92?mod=mw_rss_topstories
"Fri, 07 Aug 2026 15:09:00 GMT",MarketWatch,"Tax-free weekends start in Texas, Florida and several other states today. Here’s what to know.",https://www.marketwatch.com/story/these-16-states-are-offering-tax-holidays-as-back-to-school-costs-soar-to-over-800-per-student-0ec92464?mod=mw_rss_topstories
"Fri, 07 Aug 2026 14:31:00 GMT",MarketWatch,Michigan says it’s OK to start eating salads again as cyclospora outbreak wanes,https://www.marketwatch.com/story/michigan-says-its-ok-to-start-eating-salads-again-as-cyclospora-outbreak-wanes-b6e9a2c2?mod=mw_rss_topstories
"Fri, 07 Aug 2026 14:30:00 GMT",MarketWatch,"‘I’m easing into retirement’: I’m getting an $80,000 pension payout. Where can I invest it safely?",https://www.marketwatch.com/story/im-easing-into-retirement-im-getting-an-80-000-pension-payout-where-can-i-invest-it-safely-6653d810?mod=mw_rss_topstories
"Fri, 07 Aug 2026 14:15:00 GMT",MarketWatch,I’m an unemployed software developer who is skeptical of AI. Can I still find a job in tech?,https://www.marketwatch.com/story/im-an-unemployed-software-developer-who-is-skeptical-of-ai-can-i-still-find-a-job-in-tech-4413875e?mod=mw_rss_topstories
"Fri, 07 Aug 2026 14:00:00 GMT",MarketWatch,"If I marry my girlfriend, 67, will she lose her Supplemental Security Income and divorced spouse benefits?",https://www.marketwatch.com/story/if-i-marry-my-girlfriend-67-will-she-lose-her-supplemental-security-income-and-divorced-spouse-benefits-9340bab9?mod=mw_rss_topstories
"Fri, 07 Aug 2026 13:45:00 GMT",MarketWatch,Social Security is celebrating its 91st birthday. Here’s why it’s not  going away anytime soon.,https://www.marketwatch.com/story/how-to-wish-social-security-a-happy-91st-birthday-865d71a8?mod=mw_rss_topstories
"Fri, 07 Aug 2026 11:23:07 GMT",CNBC Markets,The July jobs numbers are due out Friday. Here's what to expect,https://www.cnbc.com/2026/08/06/the-july-jobs-numbers-are-due-out-friday-heres-what-to-expect.html
"Wed, 05 Aug 2026 15:08:46 GMT",CNBC Markets,"Private companies added just 44,000 workers in July, below expectations, ADP reports",https://www.cnbc.com/2026/08/05/private-companies-added-just-44000-workers-in-july-below-expectations-adp-reports.html
"Wed, 05 Aug 2026 07:15:17 GMT",CNBC Markets,Europe is blowing up riverbeds as an extreme drought wreaks havoc on its economy,https://www.cnbc.com/2026/08/05/drought-rhine-danube-water-levels-economy.html
"Tue, 04 Aug 2026 14:42:39 GMT",CNBC Markets,"Manufacturing survey shows inflation worries 'worse than pandemic era,' adding to Fed pressure",https://www.cnbc.com/2026/08/03/manufacturing-survey-shows-inflation-worries-adding-to-pressure-on-fed.html
"Fri, 31 Jul 2026 16:51:30 GMT",CNBC Markets,"As Warsh’s Fed faces pressure to act on inflation, these indicators show it’s at its lowest in years",https://www.cnbc.com/2026/07/31/these-fed-alternative-indicators-show-inflation-is-at-lowest-in-years.html
"Fri, 31 Jul 2026 03:49:55 GMT",CNBC Markets,"China's factory activity unexpectedly contracts in July on demand slump, typhoons",https://www.cnbc.com/2026/07/31/china-pmi-factory-activity-economic-growth-exports-.html
"Thu, 30 Jul 2026 15:04:43 GMT",CNBC Markets,U.S. economy slowed to 1.5% growth rate in Q2; June core inflation at 3.3%,https://www.cnbc.com/2026/07/30/us-economy-slowed-to-1point5percent-growth-rate-in-q2-june-core-inflation-at-3point3percent.html
"Wed, 29 Jul 2026 23:36:34 GMT",CNBC Markets,What a divided Fed means for investors,https://www.cnbc.com/2026/07/29/fed-meeting-interest-rates-warsh-stocks-bonds.html
"Mon, 27 Jul 2026 14:22:15 GMT",CNBC Markets,Singapore tightens monetary policy in surprise move as rising oil prices rekindle inflation risk,https://www.cnbc.com/2026/07/27/singapore-mas-july-monetary-policy-middle-east-oil-prices-inflation-.html
"Fri, 24 Jul 2026 12:09:09 GMT",CNBC Markets,Trump's new global tariff draws rebukes from trade partners over forced labor justification,https://www.cnbc.com/2026/07/24/trump-global-tariffs-trade-imbalance-forced-labor.html
"Wed, 22 Jul 2026 16:57:55 GMT",CNBC Markets,Kevin Warsh has homed in on three key phrases. How Fed watchers interpret them,https://www.cnbc.com/2026/07/22/kevin-warsh-has-homed-in-on-three-key-phrases-how-fed-watchers-interpret-them.html
"Wed, 22 Jul 2026 06:28:08 GMT",CNBC Markets,Trump plans generic drug tariffs from 2028 with two-year delay testing U.S. onshoring push,https://www.cnbc.com/2026/07/22/trump-generic-drugs-tariffs-medicine-trade-.html
"Fri, 17 Jul 2026 14:13:49 GMT",CNBC Markets,Import prices post surprise gain as costs of goods from China hit highest since 2008,https://www.cnbc.com/2026/07/17/import-prices-post-surprise-gain-as-costs-of-goods-from-china-hit-highest-since-2008.html
"Wed, 15 Jul 2026 21:53:10 GMT",CNBC Markets,"World Cup gave bars and restaurants a needed boost as consumers flash warning signs, Fed says",https://www.cnbc.com/2026/07/15/world-cup-economy-spending-alcohol-hotels-fed.html
"Wed, 15 Jul 2026 14:22:48 GMT",CNBC Markets,Wholesale prices unexpectedly declined 0.3% in June on big drop in gasoline,https://www.cnbc.com/2026/07/15/wholesale-inflation-june-2026-.html
"Wed, 15 Jul 2026 11:33:19 GMT",CNBC Markets,Renewed Hormuz hostilities drive ECB rates rethink amid ‘extremely volatile’ outlook,https://www.cnbc.com/2026/07/15/ecb-interest-rates-outlook-iran-war-hormuz.html
"Wed, 15 Jul 2026 05:14:11 GMT",CNBC Markets,"China posts slowest quarterly growth since 2022 as investment slumps, fanning stimulus calls",https://www.cnbc.com/2026/07/15/china-gdp-retail-sales-investment-june-.html
"Tue, 14 Jul 2026 21:05:13 GMT",CNBC Markets,"Consumer prices rose 3.5% annually in June, less than expected as energy prices eased",https://www.cnbc.com/2026/07/14/consumer-price-index-inflation-report-june-2026.html
"Mon, 13 Jul 2026 10:56:52 GMT",CNBC Markets,"India's inflation accelerates to 4.38% in June, exceeding forecasts",https://www.cnbc.com/2026/07/13/india-june-inflation-oil-food-iran-war.html
"Thu, 03 Jul 2025 12:36:00 GMT",MarketWatch Markets,Jobless claims fall to lowest level since mid-May,https://www.marketwatch.com/story/jobless-claims-fall-to-lowest-level-since-mid-may-bda58e3b?mod=mw_rss_marketpulse
"Thu, 13 Feb 2025 13:33:00 GMT",MarketWatch Markets,Jobless claims stay low in latest week,https://www.marketwatch.com/story/jobless-claims-stay-low-in-latest-week-27b4b50b?mod=mw_rss_marketpulse
"Fri, 07 Feb 2025 20:26:00 GMT",MarketWatch Markets,Consumer credit growth soars in December,https://www.marketwatch.com/story/consumer-credit-growth-soars-in-december-d405d18e?mod=mw_rss_marketpulse
"Thu, 06 Feb 2025 13:34:00 GMT",MarketWatch Markets,U.S. productivity slows down in fourth quarter while unit labor costs accelerate,https://www.marketwatch.com/story/u-s-productivity-slows-down-in-fourth-quarter-while-unit-labor-costs-accelerate-3c2b9092?mod=mw_rss_marketpulse
"Mon, 03 Feb 2025 13:46:00 GMT",MarketWatch Markets,Beyond to buy rights to Buy Buy Baby brand and reunite it with Bed Bath & Beyond,https://www.marketwatch.com/story/beyond-to-buy-rights-to-buy-buy-baby-brand-and-reunite-it-with-bed-bath-beyond-4383c6be?mod=mw_rss_marketpulse
"Sat, 28 Dec 2024 00:32:00 GMT",MarketWatch Markets,Trump asks Supreme Court to pause TikTok ban,https://www.marketwatch.com/story/trump-asks-supreme-court-to-pause-tiktok-ban-2b724ae6?mod=mw_rss_marketpulse
"Tue, 03 Dec 2024 14:05:00 GMT",MarketWatch Markets,Amazon says it had best-ever Thanksgiving Holiday week with record sales and number of items sold,https://www.marketwatch.com/story/amazon-says-it-had-best-ever-thanksgiving-holiday-week-with-record-sales-and-number-of-items-sold-786e0143?mod=mw_rss_marketpulse
"Tue, 19 Nov 2024 08:55:00 GMT",MarketWatch Markets,U.S. stock futures and bond yields drop on reports Putin has updated nuclear doctrine,https://www.marketwatch.com/story/u-s-stock-futures-and-bond-yields-drop-on-reports-putin-has-updated-nuclear-doctrine-4b9792c4?mod=mw_rss_marketpulse
"Wed, 13 Nov 2024 13:52:00 GMT",MarketWatch Markets,Charter Communications announces buyout deal for Liberty Broadband at terms above its previous proposal,https://www.marketwatch.com/story/charter-communications-announces-buyout-deal-for-liberty-broadband-at-terms-above-its-previous-proposal-552f7acd?mod=mw_rss_marketpulse
"Tue, 12 Nov 2024 13:53:00 GMT",MarketWatch Markets,General Motors unveils new all-electric Cadillac called the Vistiq with 300-mile range,https://www.marketwatch.com/story/general-motors-unveils-new-all-electric-cadillac-called-the-vistiq-with-300-mile-range-c16fb8a6?mod=mw_rss_marketpulse
"Tue, 05 Nov 2024 08:39:00 GMT",MarketWatch Markets,Vestas Wind Systems stock slumps as company says margins to be at low end of guidance,https://www.marketwatch.com/story/vestas-wind-systems-stock-slumps-as-company-says-margins-to-be-at-low-end-of-guidance-a33bf5c4?mod=mw_rss_marketpulse
"Mon, 04 Nov 2024 08:36:00 GMT",MarketWatch Markets,Burberry shares rise on report Moncler could bid for it,https://www.marketwatch.com/story/burberry-shares-rise-on-report-moncler-could-bid-for-it-9de42b98?mod=mw_rss_marketpulse
"Fri, 01 Nov 2024 07:36:00 GMT",MarketWatch Markets,Kazatomprom reports 17% increase in production during the third quarter,https://www.marketwatch.com/story/kazatomprom-reports-17-increase-in-production-during-the-third-quarter-68742d5c?mod=mw_rss_marketpulse
"Thu, 31 Oct 2024 08:09:00 GMT",MarketWatch Markets,Anheuser-Busch InBev shares slip as sales come up shy of estimates,https://www.marketwatch.com/story/anheuser-busch-inbev-shares-slip-as-sales-come-up-shy-of-estimates-508282c4?mod=mw_rss_marketpulse
"Wed, 30 Oct 2024 12:22:00 GMT",MarketWatch Markets,Wingstop’s stock slides 12% after profit falls short of estimates,https://www.marketwatch.com/story/wingstops-stock-slides-12-after-profit-falls-short-of-estimates-1146f0ec?mod=mw_rss_marketpulse
"Tue, 29 Oct 2024 07:08:00 GMT",MarketWatch Markets,Novartis hikes sales and profit guidance for the year,https://www.marketwatch.com/story/novartis-hikes-sales-and-profit-guidance-for-the-year-eed24ebf?mod=mw_rss_marketpulse
"Mon, 28 Oct 2024 07:14:00 GMT",MarketWatch Markets,Plus500 says it will meet expectations after quarterly revenue climbs 11%,https://www.marketwatch.com/story/plus500-says-it-will-meet-expectations-after-quarterly-revenue-climbs-11-b68b5ef1?mod=mw_rss_marketpulse
"Mon, 28 Oct 2024 07:08:00 GMT",MarketWatch Markets,Trainline boosts guidance for the second time this year,https://www.marketwatch.com/story/trainline-boosts-guidance-for-the-second-time-this-year-513373f6?mod=mw_rss_marketpulse
"Thu, 24 Oct 2024 06:41:00 GMT",MarketWatch Markets,Barclays reports 18% profit rise as it lifts income guidance,https://www.marketwatch.com/story/barclays-reports-18-profit-rise-as-it-lifts-income-guidance-ceef3caf?mod=mw_rss_marketpulse
"Thu, 24 Oct 2024 06:28:00 GMT",MarketWatch Markets,"London Stock Exchange Group says income grew, led by Tradeweb",https://www.marketwatch.com/story/london-stock-exchange-group-says-income-grew-led-by-tradeweb-65d00f97?mod=mw_rss_marketpulse
2026-08-07 15:47:18,Investing.com,"FTSE 100 posts 4-week win streak on precious metal miners boost, U.S. jobs data",https://www.investing.com/news/stock-market-news/ftse-100-today-stocks-edge-up-lloyds-flags-mortgage-pain-as-oil-bites-4845231
2026-08-07 15:44:19,Investing.com,Sherwin-Williams near 52-week high with 16% downside implied by fair value model,https://www.investing.com/news/stock-market-news/sherwinwilliams-near-52week-high-with-16-downside-implied-by-fair-value-model-93CH-4847133
2026-08-07 15:42:31,Investing.com,"Take-Two touts ’unprecedented GTA VI pre-orders’, but maintains bookings target",https://www.investing.com/news/stock-market-news/taketwo-sticks-to-annual-bookings-outlook-says-on-track-for-gta-vi-november-launch-4846091
2026-08-07 15:35:04,Investing.com,Poland stocks lower at close of trade; WIG30 down 0.30%,https://www.investing.com/news/stock-market-news/poland-stocks-lower-at-close-of-trade-wig30-down-030-4847119
2026-08-07 15:34:29,Investing.com,"Celsius jumps 12% as Rockstar founder builds 4.7% stake, demands CEO ouster",https://www.investing.com/news/stock-market-news/celsius-jumps-12-as-rockstar-founder-builds-47-stake-demands-ceo-ouster-4847117
2026-08-07 15:33:21,Investing.com,"Venture Global (VG) earnings preview: fee surge, insider selling, and the miss-and-rally pattern",https://www.investing.com/news/stock-market-news/venture-global-vg-earnings-preview-fee-surge-insider-selling-and-the-missandrally-pattern-93CH-4847114
2026-08-07 15:31:15,Investing.com,Canadian bank stocks: value scorecard for the Big Six,https://www.investing.com/news/stock-market-news/canadian-bank-stocks-value-scorecard-for-the-big-six-93CH-4847112
2026-08-07 15:30:34,Investing.com,Morgan Stanley hires BofA’s Kweskin to cover diversified industries,https://www.investing.com/news/stock-market-news/morgan-stanley-hires-bofas-kweskin-to-cover-diversified-industries-4847107
2026-08-07 15:30:29,Investing.com,Turkey stocks lower at close of trade; BIST 100 down 0.14%,https://www.investing.com/news/stock-market-news/turkey-stocks-lower-at-close-of-trade-bist-100-down-014-4847106
2026-08-07 15:30:04,Investing.com,Denmark stocks higher at close of trade; OMX Copenhagen 20 up 1.97%,https://www.investing.com/news/stock-market-news/denmark-stocks-higher-at-close-of-trade-omx-copenhagen-20-up-197-4847105
